[{"titulo":"12 de Abril","id":"m18"},{"titulo":"1989","id":"m3"},{"titulo":"Abba Mia","id":"m28"},{"titulo":"Alvamar Overture","id":"m131"},{"titulo":"António Nogueira","id":"m21"},{"titulo":"Armindo Alves","id":"m2"},{"titulo":"Avé Maria","id":"m7"},{"titulo":"Bailar em Nespereira","id":"m47"},{"titulo":"Bands Around the World","id":"m35"},{"titulo":"Canções da Tradição","id":"m27"},{"titulo":"Casa de S. Paulo","id":"m13"},{"titulo":"Cassiopeia","id":"m20"},{"titulo":"Cavalaria Ligeira","id":"m32"},{"titulo":"Caçadores do I","id":"m15"},{"titulo":"Corpo Místico","id":"m8"},{"titulo":"Cycles and Myths","id":"m26"},{"titulo":"Fate of the Gods","id":"m23"},{"titulo":"Filarmonia","id":"m14"},{"titulo":"Harmonique","id":"m50"},{"titulo":"Highlights from 'Chess'","id":"m31"},{"titulo":"Hispânico","id":"m36"},{"titulo":"Holiday in Rio","id":"m5"},{"titulo":"Homenagem a J. Serra","id":"m1"},{"titulo":"Homenagem a Vila Verde","id":"m17"},{"titulo":"Homenagem ao Dr Manuel Vaz","id":"m16"},{"titulo":"Invocação a Deus","id":"m11"},{"titulo":"Manuel Joaquim ALmeida","id":"m4"},{"titulo":"Marcha Eslava","id":"m22"},{"titulo":"Marcha Radetzky","id":"m43"},{"titulo":"Momentos Menores","id":"m45"},{"titulo":"Paquito Chocolatero","id":"m33"},{"titulo":"Pilatus: Mountain of Dragons","id":"m42"},{"titulo":"Português Suave","id":"m25"},{"titulo":"Ross Roy","id":"m29"},{"titulo":"Santana","id":"m46"},{"titulo":"Senhora Nossa","id":"m10"},{"titulo":"Sonhos de Portugal","id":"m41"},{"titulo":"São Bento","id":"m12"},{"titulo":"São Martinho","id":"m6"},{"titulo":"Súplica","id":"m9"},{"titulo":"Tannhauser Ouverture","id":"m49"},{"titulo":"Tarântula","id":"m19"},{"titulo":"Transfiguração","id":"m48"},{"titulo":"Vamos à Romaria","id":"m24"},{"titulo":"Vila Franca","id":"m44"},{"titulo":"Xabia","id":"m34"},{"titulo":"Xutos Medley","id":"m40"}]