<?xml version="1.0" encoding="UTF-8"?>
<!DOCTYPE manifesto SYSTEM "file:/home/jorge/Desktop/Web/TPC/02/manifesto.dtd">
<manifesto>
    <meta>
        <identificador>web2018::a78660::T5</identificador>
        <titulo>Servidor NodeJS com Pug</titulo>
        <dinicio>16 de Outubro de 2018</dinicio>
        <dfim>23 de Outubro de 2018</dfim>
        <supervisor>
            <nome>José Carlos Ramalho</nome>
            <email>jcr@di.uminho.pt</email>
            <website>http://www4.di.uminho.pt/~jcr/</website>
        </supervisor>
    </meta>
    <equipa>
        <membro>
            <nome>Jorge Oliveira</nome>
            <email>a78660@alunos.uminho.pt</email>
            <id>a78660</id>
            <website>https://github.com/Jorgeoliv/web2018/tree/master/TPC/05</website>
            <foto path="jorge.png">Fotografia</foto>
        </membro>
    </equipa>
    <resumo>
        <para>O objetivo do <b>TPC-05</b> era a codificação de um servidor, em <i>javascript</i>, que recebe pedidos para um redirecionamento entre diferentes páginas <i>web</i>. Porém a grande diferença em relação ao TPC-04 é que neste TPC as páginas HTML eram geradas através de um ficheiro codificado em <b>pug</b>. Desta forma permite-nos criar <i>templates</i> para as páginas que depois poderão ser reaproveitados para outras. Neste TPC também introduzimos o uso de <b>css</b>, para tal usamos o <i>w3.css</i>.</para>
        <para>Neste TPC haviam dois problemas que tinhamos de resolver antes de começar a trabalhar no servidor. Não era certo que todos os ficheiros do <i>dataset</i> fornecido se encontravam com um formato válido. Para verificar os problemas existentes nos ficheiros criei um pequeno programa em C que executava uma linha de comando, que verificava se o ficheiro JSON era válido, para cada ficheiro passado como argumento. Desta forma permitiu-me descobrir que o ficheiro <i>m24.json</i> é que tinha um pequeno problema.</para> 
        <para> A outra tarefa foi produzir um “index” já que o <i>dataset</i> não possuía um. Para tal criei um programa em JAVA que criava um ficheiro JSON com uma lista de objetos. Cada objeto continha os campos <b>id</b> e <b>título</b> dos diferentes ficheiros JSON. Resolvidos estes dois problemas, pude então avançar para o servidor. </para>
        <para>O servidor apenas tinha de fazer um <i>parsing</i> a um simples URL e abrir uma das páginas HTML criadas anteriormente.</para>
    </resumo>
    <resultados>
        <resultado url="manifesto-tp5.xml">XML do Manifesto</resultado>
        <resultado url="manifesto-tp5.html">HTML do Manifesto</resultado>
    </resultados>
</manifesto>