<?xml version="1.0" encoding="UTF-8"?>
<!DOCTYPE manifesto SYSTEM "file:/home/jorge/Desktop/Web/TPC/02/manifesto.dtd">
<manifesto>
    <meta>
        <identificador>web2018::a78660::T4</identificador>
        <titulo>Servidor NodeJS</titulo>
        <dinicio>9 de Outubro de 2018</dinicio>
        <dfim>16 de Outubro de 2018</dfim>
        <supervisor>
            <nome>José Carlos Ramalho</nome>
            <email>jcr@di.uminho.pt</email>
            <website>http://www4.di.uminho.pt/~jcr/</website>
        </supervisor>
    </meta>
    <equipa>
        <membro>
            <nome>Jorge Oliveira</nome>
            <email>a78660@alunos.uminho.pt</email>
            <id>a78660</id>
            <website>https://github.com/Jorgeoliv/web2018/tree/master/TPC/04</website>
            <foto path="jorge.png">Fotografia</foto>
        </membro>
    </equipa>
    <resumo>
        <para>O objetivo do <b>TPC-04</b> era a codificação de um servidor, em <i>javascript</i>, que recebe pedidos para um redirecionamento entre diferentes páginas web. Mais uma vez estas páginas foram criadas a partir de uma <i>style sheet</i> onde a fonte de dados era um ficheiro XML.</para>
        <para>O servidor apenas tinha de fazer um <i>parsing</i> a um simples URL e abrir uma das páginas HTML criadas anteriormente. Este TPC serviu para introduzir os conceitos do <i>javascript</i> e dos servidores <i>web</i>. Neste trabalho tivemos de ter em atenção em cumprir com o protocolo <i>web</i> já que era obrigatório adicionar <b>http://</b> para um correto funcionamento dos URL.</para>
    </resumo>
    <resultados>
        <resultado url="arq.xsl">XSL do Arquiossitios</resultado>
        <resultado url="manifesto-tp4.xml">XML do Manifesto</resultado>
        <resultado url="manifesto-tp4.html">HTML do Manifesto</resultado>
    </resultados>
</manifesto>