<?xml version="1.0" encoding="UTF-8"?>
<!DOCTYPE manifesto SYSTEM "file:/home/jorge/Desktop/Web/TPC/02/manifesto.dtd">
<manifesto>
    <meta>
        <identificador>web2018::a78660::T8</identificador>
        <titulo>Lista de Tarefas</titulo>
        <dinicio>6 de Novembro de 2018</dinicio>
        <dfim>12 de Novembro de 2018</dfim>
        <supervisor>
            <nome>José Carlos Ramalho</nome>
            <email>jcr@di.uminho.pt</email>
            <website>http://www4.di.uminho.pt/~jcr/</website>
        </supervisor>
    </meta>
    <equipa>
        <membro>
            <nome>Jorge Oliveira</nome>
            <email>a78660@alunos.uminho.pt</email>
            <id>a78660</id>
            <website>https://github.com/Jorgeoliv/web2018/tree/master/TPC/08</website>
            <foto path="jorge.png">Fotografia</foto>
        </membro>
    </equipa>
    <resumo>
        <para>O objetivo do <b>TPC-08</b> era a codificação de um servidor, em <i>javascript</i>, que tinha como principal tarefa o armazenamento de ficheiros. As páginas WEB neste TPC, mais uma vez foram criadas com o formato PUG.</para>
        <para> Este TPC era bastante parecido com o anterior, porém foram introduzidas novas técnicas para codificar o nosso servidor. Ao nivel do cliente, introduzimos o <i>ajax</i> para permitir a adição de um elemento ao catálogo de ficheiros sem ter de carregar a página completa. </para>
        <para> Também foram introduzidas técnicas de <i>routing</i> que poderão ser muito úteis quando a aplicação que estamos a desenvolver começar a ficar mais complexa e tivermos de tratar bastantes pedidos e diferentes entre si. </para>
        <para> A política, por mim adotada, para armazenamento de ficheiros deste TPC (08), é a mesma que a do TPC anterior (07). Isto é, só se guardam imagens e não se consegue guardar ficheiros com o mesmo nome. </para></resumo>
    <resultados>
        <resultado url="manifesto-tp8.xml">XML do Manifesto</resultado>
        <resultado url="manifesto-tp8.html">HTML do Manifesto</resultado>
    </resultados>
</manifesto>