<?xml version="1.0" encoding="UTF-8"?>
<!DOCTYPE manifesto SYSTEM "file:/home/jorge/Desktop/Web/TPC/02/manifesto.dtd">
<manifesto>
    <meta>
        <identificador>web2018::a78660::T6</identificador>
        <titulo>Lista de Tarefas</titulo>
        <dinicio>23 de Outubro de 2018</dinicio>
        <dfim>30 de Outubro de 2018</dfim>
        <supervisor>
            <nome>José Carlos Ramalho</nome>
            <email>jcr@di.uminho.pt</email>
            <website>http://www4.di.uminho.pt/~jcr/</website>
        </supervisor>
    </meta>
    <equipa>
        <membro>
            <nome>Jorge Oliveira</nome>
            <email>a78660@alunos.uminho.pt</email>
            <id>a78660</id>
            <website>https://github.com/Jorgeoliv/web2018/tree/master/TPC/06</website>
            <foto path="jorge.png">Fotografia</foto>
        </membro>
    </equipa>
    <resumo>
        <para>O objetivo do <b>TPC-06</b> era a codificação de um servidor, em <i>javascript</i>, que tem como principa tarefa apresentar uma lista de tarefas que devem ser criados pelo utilizador. As páginas WEB neste TPC, mais uma vez foram criadas com o formato PUG</para>
        <para> Neste TPC tinhamos de definir 3 caminhos obrigatórios: <b>/registo</b> que permite ao utilizador criar uma tarefa, <b>/lista</b> permite que o utilizador tenha acesso à sua lista de tarefas e <b>/apaga</b> permite que o utilizador elimine uma tarefa </para>
        <para>Decidi efetuar este TPC de uma forma um bocado diferente, ao invés de apresentar os caminhos para visualizar a lista e apagar as tarefas, decidi colocar na página <i>index</i> uma lista com todas as tarefas. Em cada elemento da lista, adicionei dois botões. Um para que o utilizador possa apagar a tarefa e outro para que possa concluir a tarefa</para>
        <para>De salientar que, a tarefa não é realmente apagada, apenas é alterado um campo “escondido” para indicar que a tarefa não deve ser apresentada ao utilizador. Decidi ainda apresentar as tarefas ordenadas, não pela ordem de criação, mas sim pela data de fim das tarefas.</para>    
    </resumo>
    <resultados>
        <resultado url="manifesto-tp6.xml">XML do Manifesto</resultado>
        <resultado url="manifesto-tp6.html">HTML do Manifesto</resultado>
    </resultados>
</manifesto>