<?xml version="1.0" encoding="UTF-8"?>
<!DOCTYPE manifesto SYSTEM "file:/home/jorge/Desktop/Web/TPC/02/manifesto.dtd">
<manifesto>
    <meta>
        <identificador>DWEB2018::Teste::A78660</identificador>
        <titulo>Teste DWEB 2019</titulo>
        <dinicio>15 de Janeiro de 2019</dinicio>
        <dfim>15 de Janeiro de 2019</dfim>
        <supervisor>
            <nome>José Carlos Ramalho</nome>
            <email>jcr@di.uminho.pt</email>
            <website>http://www4.di.uminho.pt/~jcr/</website>
        </supervisor>
    </meta>
    <equipa>
        <membro>
            <nome>Jorge Oliveira</nome>
            <email>a78660@alunos.uminho.pt</email>
            <id>a78660</id>
            <website>https://github.com/Jorgeoliv/web2018/tree/master/Teste</website>
            <foto path="jorge.png">Fotografia</foto>
        </membro>
    </equipa>
    <resumo>
        <para>A pasta do teste tem 2 pastas, uma referente ao exercicio 1 <b>Exercicio1</b> e outra referente ao exercício 2 <b>Exercicio2</b></para>
        <para>Na pasta <b>Exercicio1</b> tem os dois ficheiros correspondentes ao dataset, a pasta <b>compositor</b> que contém o servidor e depois de a abrir é necessário efetuar <i>npm i</i> e <i>npm start</i> e ainda tem uma pasta MongoData que servirá para guardar a Base de Dados</para>
        <para> Na primeira pergunta era nos fornecido um conjunto de dados no formato XML. Como queria usar a base de dados mongo converti os dados de XML para JSON no seguinte link: http://convertjson.com/xml-to-json.htm . De seguida criei a minha Base de Dados com o comando: <i>mongod --dbpath MongoData</i> (onde é necessário criar uma base de dados <i>compositoresTeste</i> e a coleção <i>compositores</i>) e foi só efetuar o import dos dados com o seguinte comando: mongoimport -h localhost:27017 -d compositoresTeste -c compositores --file compositores.json --jsonArray</para>
        <para>De salientar que fiz um pequeno tratamento dos dados convertidos, para que ficasse com um array de objetos, já que tinha convertido para apenas um objeto que por sua vez tinha outro objeto e esse é que tinha o array dos dados que interessavam.</para>
        <para>Na pasta <b>Exercicio2</b> tem o ficheiro <b>perguntas.txt</b> que responde às alíneas da pergunta 1 e ainda uma pasta <b>pergunta 3</b> que contém o servidor simples para conseguir correr o código para dar resposta à alinea 3.</para>
        <para>Temos ainda a pasta <b>InfoPublica</b> que contém o nosso servidor, para o executar é só necessário abrir a pasta efetuar um <i>npm i</i> <i>npm start</i></para>
        <para>Os dois servidor estão em escuta na porta 3000!</para>
    </resumo>
    <resultados>
        <resultado url="manifesto-teste.xml">XML do Manifesto</resultado>
        <resultado url="manifesto-teste.html">HTML do Manifesto</resultado>
    </resultados>
</manifesto>