<?xml version="1.0" encoding="UTF-8"?>
<!DOCTYPE manifesto SYSTEM "file:/home/jorge/Desktop/Web/TPC/02/manifesto.dtd">
<manifesto>
    <meta>
        <identificador>web2018::a78660::T7</identificador>
        <titulo>Lista de Tarefas</titulo>
        <dinicio>30 de Outubro de 2018</dinicio>
        <dfim>6 de Novembro de 2018</dfim>
        <supervisor>
            <nome>José Carlos Ramalho</nome>
            <email>jcr@di.uminho.pt</email>
            <website>http://www4.di.uminho.pt/~jcr/</website>
        </supervisor>
    </meta>
    <equipa>
        <membro>
            <nome>Jorge Oliveira</nome>
            <email>a78660@alunos.uminho.pt</email>
            <id>a78660</id>
            <website>https://github.com/Jorgeoliv/web2018/tree/master/TPC/07</website>
            <foto path="jorge.png">Fotografia</foto>
        </membro>
    </equipa>
    <resumo>
        <para>O objetivo do <b>TPC-07</b> era a codificação de um servidor, em <i>javascript</i>, que tinha como principal tarefa o armazenamento de ficheiros. As páginas WEB neste TPC, mais uma vez foram criadas com o formato PUG.</para>
        <para> Este TPC permitiu-nos consolidar conhecimento sobre o <i>upload</i> de ficheiros. Decidi colocar um tema no meu catálogo, só permitindo que o <b>utilizador guarde ficheiros do tipo imagem</b>. Caso o utilizador tente inserir um ficheiro cujo o nome já se encontra no catálogo, então tal ação não é permitida. </para>
        <para>Na página <i>index</i> é possível efetuar o <i>upload</i> da imagem e ainda visualizar o catálogo de imagens presentes no sistema, bem como abrir uma imagem selecionada.</para> 
    </resumo>
    <resultados>
        <resultado url="manifesto-tp7.xml">XML do Manifesto</resultado>
        <resultado url="manifesto-tp7.html">HTML do Manifesto</resultado>
    </resultados>
</manifesto>